,Team,Op Team,score,Opscore,RaidPoints,OpRaid,TacklePoints,OpTackle,Allout,OpAllOut,ExtraPoints,OpExtra,win,season
0,JAIPUR PINK PANTHERS,U MUMBA,28,44,25,28,1,12,2,4,0,0,1,1
1,BENGALURU BULLS,DABANG DELHI K.C.,42,28,23,15,13,13,6,0,0,0,0,1
2,BENGALURU BULLS,PUNERI PALTAN,39,34,20,20,14,11,4,2,1,1,0,1
3,BENGAL WARRIORS,U MUMBA,24,35,17,24,7,9,0,2,0,0,1,1
4,DABANG DELHI K.C.,PUNERI PALTAN,35,31,23,22,10,7,2,2,0,0,0,1
5,U MUMBA,TELUGU TITANS,34,35,23,24,9,7,2,4,0,0,1,1
6,U MUMBA,PATNA PIRATES,35,32,22,23,9,7,4,2,0,0,0,1
7,BENGALURU BULLS,BENGAL WARRIORS,46,30,25,19,15,11,6,0,0,0,0,1
8,JAIPUR PINK PANTHERS,TELUGU TITANS,46,31,29,24,12,4,4,2,1,1,0,1
9,DABANG DELHI K.C.,BENGAL WARRIORS,39,40,26,25,9,11,4,4,0,0,1,1
10,PATNA PIRATES,TELUGU TITANS,34,35,27,27,4,6,2,2,1,0,1,1
11,BENGAL WARRIORS,PUNERI PALTAN,37,34,26,22,9,8,2,4,0,0,0,1
12,JAIPUR PINK PANTHERS,PATNA PIRATES,35,18,24,14,7,4,4,0,0,0,0,1
13,BENGAL WARRIORS,U MUMBA,28,38,22,26,6,8,0,4,0,0,1,1
14,DABANG DELHI K.C.,TELUGU TITANS,34,36,21,22,11,9,2,2,0,3,1,1
15,BENGALURU BULLS,PUNERI PALTAN,30,31,21,18,7,11,2,2,0,0,1,1
16,U MUMBA,PUNERI PALTAN,41,25,26,18,9,5,6,2,0,0,0,1
17,DABANG DELHI K.C.,PATNA PIRATES,30,33,26,20,4,9,0,4,0,0,1,1
18,BENGALURU BULLS,U MUMBA,32,43,22,22,10,13,0,6,0,2,1,1
19,DABANG DELHI K.C.,JAIPUR PINK PANTHERS,29,36,17,18,10,14,2,4,0,0,1,1
20,DABANG DELHI K.C.,BENGAL WARRIORS,45,35,26,26,13,5,6,4,0,0,0,1
21,PATNA PIRATES,PUNERI PALTAN,34,26,25,22,4,4,0,0,5,0,0,1
22,BENGAL WARRIORS,TELUGU TITANS,39,34,29,26,8,6,2,2,0,0,0,1
23,U MUMBA,PATNA PIRATES,37,37,21,22,14,13,2,2,0,0,draw,1
24,JAIPUR PINK PANTHERS,TELUGU TITANS,48,29,30,20,11,6,4,2,3,1,0,1
25,DABANG DELHI K.C.,PATNA PIRATES,28,30,23,21,3,7,2,2,0,0,1,1
26,JAIPUR PINK PANTHERS,BENGAL WARRIORS,36,23,19,15,13,7,4,0,0,1,0,1
27,BENGALURU BULLS,PATNA PIRATES,33,33,22,25,7,6,4,2,0,0,draw,1
28,PUNERI PALTAN,TELUGU TITANS,34,41,25,29,7,8,2,4,0,0,1,1
29,BENGALURU BULLS,U MUMBA,32,27,20,18,8,9,2,0,2,0,0,1
30,BENGAL WARRIORS,PUNERI PALTAN,29,38,19,19,7,14,2,4,1,1,1,1
31,BENGALURU BULLS,DABANG DELHI K.C.,26,25,15,12,9,11,2,2,0,0,0,1
32,JAIPUR PINK PANTHERS,PUNERI PALTAN,48,22,26,16,16,6,6,0,0,0,0,1
33,DABANG DELHI K.C.,U MUMBA,34,22,19,18,11,4,4,0,0,0,0,1
34,PATNA PIRATES,PUNERI PALTAN,34,29,23,20,7,6,4,2,0,1,0,1
35,BENGALURU BULLS,TELUGU TITANS,28,28,19,18,9,8,0,2,0,0,draw,1
36,JAIPUR PINK PANTHERS,BENGAL WARRIORS,41,31,25,20,12,8,2,2,2,1,0,1
37,JAIPUR PINK PANTHERS,PATNA PIRATES,28,51,22,25,6,17,0,8,0,1,1,1
38,U MUMBA,TELUGU TITANS,42,42,33,33,6,3,2,6,1,0,draw,1
39,BENGAL WARRIORS,PATNA PIRATES,29,27,18,19,9,8,2,0,0,0,0,1
40,PUNERI PALTAN,TELUGU TITANS,23,58,22,35,1,14,0,8,0,1,1,1
41,DABANG DELHI K.C.,TELUGU TITANS,26,42,20,26,6,10,0,6,0,0,1,1
42,BENGALURU BULLS,JAIPUR PINK PANTHERS,29,35,15,21,12,10,2,4,0,0,1,1
43,BENGAL WARRIORS,PATNA PIRATES,28,36,20,20,8,11,0,4,0,1,1,1
44,JAIPUR PINK PANTHERS,U MUMBA,30,31,18,20,10,9,2,2,0,0,1,1
45,BENGAL WARRIORS,TELUGU TITANS,34,33,16,20,14,8,4,4,0,1,0,1
46,DABANG DELHI K.C.,JAIPUR PINK PANTHERS,30,39,19,22,9,10,2,6,0,1,1,1
47,PATNA PIRATES,TELUGU TITANS,26,28,16,19,8,5,2,4,0,0,1,1
48,JAIPUR PINK PANTHERS,PUNERI PALTAN,30,21,15,8,11,11,4,2,0,0,0,1
49,BENGALURU BULLS,BENGAL WARRIORS,33,23,14,11,14,12,4,0,1,0,0,1
50,DABANG DELHI K.C.,U MUMBA,29,37,14,19,11,14,4,4,0,0,1,1
51,DABANG DELHI K.C.,PUNERI PALTAN,44,22,24,18,13,3,6,0,1,1,0,1
52,BENGALURU BULLS,PATNA PIRATES,28,33,20,18,6,12,2,2,0,1,1,1
53,BENGALURU BULLS,TELUGU TITANS,26,25,12,13,12,10,2,2,0,0,0,1
54,U MUMBA,PUNERI PALTAN,36,35,21,19,13,13,2,2,0,1,0,1
55,BENGALURU BULLS,JAIPUR PINK PANTHERS,30,29,22,17,6,10,2,2,0,0,0,1
56,JAIPUR PINK PANTHERS,PATNA PIRATES,36,17,16,10,14,7,6,0,0,0,0,1
57,BENGALURU BULLS,U MUMBA,22,26,11,9,9,15,2,2,0,0,1,1
58,BENGALURU BULLS,PATNA PIRATES,22,29,10,8,12,18,0,2,0,1,1,1
59,JAIPUR PINK PANTHERS,U MUMBA,34,22,17,17,13,4,4,0,0,1,0,1
60,U MUMBA,JAIPUR PINK PANTHERS,29,28,10,7,16,15,0,2,3,4,0,2
61,BENGALURU BULLS,BENGAL WARRIORS,33,25,16,9,10,11,4,2,3,3,0,2
62,TELUGU TITANS,DABANG DELHI K.C.,36,27,21,16,10,9,4,0,1,2,0,2
63,U MUMBA,BENGALURU BULLS,36,23,21,14,11,7,4,2,0,0,0,2
64,PUNERI PALTAN,TELUGU TITANS,24,45,14,24,7,14,0,6,3,1,1,2
65,U MUMBA,PATNA PIRATES,25,20,16,14,7,5,2,0,0,1,0,2
66,U MUMBA,PUNERI PALTAN,28,21,17,15,9,3,2,2,0,1,0,2
67,BENGAL WARRIORS,JAIPUR PINK PANTHERS,28,26,12,15,13,6,2,2,1,3,0,2
68,BENGALURU BULLS,PATNA PIRATES,31,26,13,16,12,8,4,2,2,0,0,2
69,BENGAL WARRIORS,TELUGU TITANS,30,32,20,21,7,8,2,2,1,1,1,2
70,DABANG DELHI K.C.,PUNERI PALTAN,38,37,24,25,7,4,4,4,3,4,0,2
71,BENGAL WARRIORS,U MUMBA,25,29,8,13,15,12,2,2,0,2,1,2
72,BENGALURU BULLS,PUNERI PALTAN,31,26,18,15,7,7,2,2,4,2,0,2
73,BENGAL WARRIORS,DABANG DELHI K.C.,21,32,8,12,11,13,0,4,2,3,1,2
74,JAIPUR PINK PANTHERS,PATNA PIRATES,23,29,15,14,7,11,0,2,1,2,1,2
75,TELUGU TITANS,U MUMBA,26,27,13,14,11,11,2,2,0,0,1,2
76,DABANG DELHI K.C.,BENGALURU BULLS,18,33,10,14,7,14,0,4,1,1,1,2
77,JAIPUR PINK PANTHERS,TELUGU TITANS,22,33,16,18,4,11,0,4,2,0,1,2
78,JAIPUR PINK PANTHERS,BENGALURU BULLS,36,23,16,9,15,8,4,2,1,4,0,2
79,PUNERI PALTAN,BENGAL WARRIORS,33,29,14,16,11,7,4,2,4,4,0,2
80,JAIPUR PINK PANTHERS,DABANG DELHI K.C.,27,35,14,13,9,17,0,4,4,1,1,2
81,PATNA PIRATES,TELUGU TITANS,22,34,10,19,12,11,0,4,0,0,1,2
82,TELUGU TITANS,BENGALURU BULLS,21,35,13,13,6,14,0,4,2,4,1,2
83,PATNA PIRATES,DABANG DELHI K.C.,39,22,17,15,15,5,4,0,3,2,0,2
84,DABANG DELHI K.C.,U MUMBA,22,27,9,12,13,11,0,2,0,2,1,2
85,PATNA PIRATES,PUNERI PALTAN,32,28,18,17,11,8,2,2,1,1,0,2
86,PUNERI PALTAN,JAIPUR PINK PANTHERS,29,35,20,20,7,11,0,2,2,2,1,2
87,PATNA PIRATES,BENGAL WARRIORS,20,20,9,10,10,7,0,0,1,3,draw,2
88,TELUGU TITANS,JAIPUR PINK PANTHERS,39,39,26,26,11,6,2,4,0,3,draw,2
89,U MUMBA,DABANG DELHI K.C.,29,25,14,11,12,11,2,2,1,1,0,2
90,TELUGU TITANS,BENGAL WARRIORS,44,28,22,21,16,4,4,0,2,3,0,2
91,BENGAL WARRIORS,BENGALURU BULLS,22,33,10,18,10,10,0,4,2,1,1,2
92,TELUGU TITANS,PATNA PIRATES,54,32,29,21,15,6,8,2,2,3,0,2
93,JAIPUR PINK PANTHERS,U MUMBA,35,25,12,10,16,14,2,0,5,1,0,2
94,TELUGU TITANS,PUNERI PALTAN,29,29,18,16,9,10,2,2,0,1,draw,2
95,DABANG DELHI K.C.,BENGAL WARRIORS,17,20,7,8,9,12,0,0,1,0,1,2
96,PATNA PIRATES,BENGALURU BULLS,30,28,11,16,16,5,2,2,1,5,0,2
97,U MUMBA,BENGAL WARRIORS,31,17,16,9,8,5,4,2,3,1,0,2
98,DABANG DELHI K.C.,PATNA PIRATES,45,26,23,16,15,7,6,0,1,3,0,2
99,DABANG DELHI K.C.,JAIPUR PINK PANTHERS,21,51,12,28,8,12,0,10,1,1,1,2
100,JAIPUR PINK PANTHERS,PUNERI PALTAN,31,18,15,11,12,6,4,0,0,1,0,2
101,DABANG DELHI K.C.,TELUGU TITANS,45,45,34,35,7,9,4,0,0,1,draw,2
102,BENGALURU BULLS,U MUMBA,29,36,16,12,10,19,0,4,3,1,1,2
103,BENGAL WARRIORS,PUNERI PALTAN,31,28,14,11,10,12,2,0,5,5,0,2
104,BENGALURU BULLS,JAIPUR PINK PANTHERS,25,27,12,11,7,13,2,2,4,1,1,2
105,BENGAL WARRIORS,PATNA PIRATES,32,34,20,21,9,10,2,2,1,1,1,2
106,BENGALURU BULLS,DABANG DELHI K.C.,40,21,20,15,14,6,6,0,0,0,0,2
107,PATNA PIRATES,U MUMBA,27,32,13,15,11,12,2,4,1,1,1,2
108,BENGALURU BULLS,TELUGU TITANS,43,29,18,18,15,9,6,2,4,0,0,2
109,PUNERI PALTAN,DABANG DELHI K.C.,33,28,18,16,11,9,4,2,0,1,0,2
110,JAIPUR PINK PANTHERS,BENGAL WARRIORS,38,39,25,19,4,16,2,4,7,0,1,2
111,PUNERI PALTAN,U MUMBA,34,39,18,18,11,16,2,4,3,1,1,2
112,U MUMBA,TELUGU TITANS,25,46,19,27,6,12,0,6,0,1,1,2
113,PUNERI PALTAN,PATNA PIRATES,21,38,9,14,10,13,0,6,2,5,1,2
114,PATNA PIRATES,JAIPUR PINK PANTHERS,26,24,10,12,13,12,2,0,1,0,0,2
115,PUNERI PALTAN,BENGALURU BULLS,30,31,20,16,8,9,2,2,0,4,1,2
116,TELUGU TITANS,BENGALURU BULLS,38,39,21,20,15,13,2,4,0,2,1,2
117,U MUMBA,PATNA PIRATES,35,18,13,9,18,8,4,0,0,1,0,2
118,PATNA PIRATES,TELUGU TITANS,26,34,15,19,10,7,0,4,1,4,1,2
119,U MUMBA,BENGALURU BULLS,36,30,17,18,14,10,4,2,1,0,0,2
120,TELUGU TITANS,U MUMBA,25,27,16,15,6,7,2,2,1,3,1,3
121,DABANG DELHI K.C.,BENGALURU BULLS,29,35,19,18,5,11,2,4,3,2,1,3
122,JAIPUR PINK PANTHERS,U MUMBA,27,18,10,9,12,9,2,0,3,0,0,3
123,TELUGU TITANS,PUNERI PALTAN,27,26,13,11,10,11,0,2,4,2,0,3
124,PATNA PIRATES,JAIPUR PINK PANTHERS,29,28,14,16,13,9,2,0,0,3,0,3
125,TELUGU TITANS,DABANG DELHI K.C.,45,34,26,27,14,4,4,2,1,1,0,3
126,TELUGU TITANS,BENGAL WARRIORS,17,25,9,11,7,10,0,2,1,2,1,3
127,BENGALURU BULLS,PATNA PIRATES,24,33,17,18,5,11,0,2,2,2,1,3
128,DABANG DELHI K.C.,PUNERI PALTAN,20,38,13,20,6,13,0,4,1,1,1,3
129,BENGALURU BULLS,BENGAL WARRIORS,24,34,12,18,9,10,2,4,1,2,1,3
130,DABANG DELHI K.C.,U MUMBA,17,30,7,13,9,11,0,4,1,2,1,3
131,BENGALURU BULLS,JAIPUR PINK PANTHERS,36,26,16,18,13,4,6,2,1,2,0,3
132,U MUMBA,PATNA PIRATES,26,40,16,18,7,14,0,4,3,4,1,3
133,BENGALURU BULLS,TELUGU TITANS,26,35,16,16,6,13,0,2,4,4,1,3
134,BENGAL WARRIORS,PUNERI PALTAN,33,28,18,14,9,9,4,2,2,3,0,3
135,JAIPUR PINK PANTHERS,DABANG DELHI K.C.,39,34,22,20,8,11,4,2,5,1,0,3
136,PATNA PIRATES,TELUGU TITANS,29,25,16,20,9,4,2,0,2,1,0,3
137,BENGAL WARRIORS,DABANG DELHI K.C.,34,17,16,10,9,6,4,0,5,1,0,3
138,BENGAL WARRIORS,PATNA PIRATES,31,36,18,23,11,9,0,4,2,0,1,3
139,U MUMBA,BENGALURU BULLS,29,28,13,13,12,9,2,4,2,2,0,3
140,BENGAL WARRIORS,JAIPUR PINK PANTHERS,34,20,17,12,10,5,4,0,3,3,0,3
141,PUNERI PALTAN,PATNA PIRATES,30,30,16,17,10,9,2,2,2,2,draw,3
142,PATNA PIRATES,DABANG DELHI K.C.,47,34,25,25,12,5,6,2,4,2,0,3
143,PUNERI PALTAN,JAIPUR PINK PANTHERS,32,32,21,21,8,7,2,2,1,2,draw,3
144,JAIPUR PINK PANTHERS,TELUGU TITANS,25,27,13,14,11,10,0,2,1,1,1,3
145,PUNERI PALTAN,U MUMBA,27,29,14,15,8,10,2,2,3,2,1,3
146,U MUMBA,BENGAL WARRIORS,32,21,15,16,10,4,4,0,3,1,0,3
147,PUNERI PALTAN,BENGALURU BULLS,29,27,17,17,10,6,2,2,0,2,0,3
148,PATNA PIRATES,BENGAL WARRIORS,32,27,17,15,10,8,2,2,3,2,0,3
149,TELUGU TITANS,JAIPUR PINK PANTHERS,26,35,15,14,6,14,2,4,3,3,1,3
150,PATNA PIRATES,BENGALURU BULLS,36,32,24,21,9,5,2,4,1,2,0,3
151,BENGALURU BULLS,DABANG DELHI K.C.,21,35,11,15,7,14,0,4,3,2,1,3
152,PATNA PIRATES,PUNERI PALTAN,28,28,15,14,10,11,2,2,1,1,draw,3
153,BENGAL WARRIORS,TELUGU TITANS,32,28,15,15,11,10,4,0,2,3,0,3
154,PATNA PIRATES,U MUMBA,28,34,16,15,8,13,2,4,2,2,1,3
155,JAIPUR PINK PANTHERS,BENGALURU BULLS,30,21,15,13,9,7,4,0,2,1,0,3
156,PUNERI PALTAN,DABANG DELHI K.C.,32,22,13,9,15,10,4,0,0,3,0,3
157,TELUGU TITANS,BENGALURU BULLS,40,22,18,18,14,3,4,0,4,1,0,3
158,JAIPUR PINK PANTHERS,PUNERI PALTAN,18,33,13,10,3,17,0,4,2,2,1,3
159,JAIPUR PINK PANTHERS,BENGAL WARRIORS,18,34,5,15,10,14,0,4,3,1,1,3
160,BENGAL WARRIORS,U MUMBA,17,30,5,12,10,12,0,4,2,2,1,3
161,JAIPUR PINK PANTHERS,PATNA PIRATES,24,47,13,23,7,14,2,8,2,2,1,3
162,DABANG DELHI K.C.,TELUGU TITANS,36,44,24,28,9,10,2,6,1,0,1,3
163,BENGALURU BULLS,U MUMBA,18,39,10,18,5,14,0,6,3,1,1,3
164,DABANG DELHI K.C.,PATNA PIRATES,34,67,25,34,7,20,0,10,2,3,1,3
165,PUNERI PALTAN,TELUGU TITANS,41,24,15,18,20,5,4,0,2,1,0,3
166,DABANG DELHI K.C.,JAIPUR PINK PANTHERS,21,21,8,10,11,11,2,0,0,0,draw,3
167,BENGALURU BULLS,PUNERI PALTAN,27,44,17,25,7,10,2,6,1,3,1,3
168,DABANG DELHI K.C.,BENGAL WARRIORS,31,37,22,28,5,6,2,2,2,1,1,3
169,U MUMBA,JAIPUR PINK PANTHERS,35,21,18,11,10,7,6,2,1,1,0,3
170,TELUGU TITANS,PATNA PIRATES,42,41,29,30,5,7,4,4,4,0,0,3
171,U MUMBA,PUNERI PALTAN,30,27,19,11,9,14,2,2,0,0,0,3
172,BENGAL WARRIORS,BENGALURU BULLS,26,22,15,10,11,8,0,0,0,4,0,3
173,U MUMBA,TELUGU TITANS,38,22,20,17,10,3,6,0,2,2,0,3
174,PUNERI PALTAN,BENGAL WARRIORS,43,19,24,11,13,7,6,0,0,1,0,3
175,U MUMBA,DABANG DELHI K.C.,36,20,21,9,10,9,4,0,1,2,0,3
176,PATNA PIRATES,PUNERI PALTAN,40,21,18,11,15,8,6,2,1,0,0,3
177,U MUMBA,BENGAL WARRIORS,41,29,20,18,14,9,6,2,1,0,0,3
178,BENGAL WARRIORS,PUNERI PALTAN,27,31,14,15,11,10,2,4,0,2,1,3
179,U MUMBA,PATNA PIRATES,28,31,14,16,11,12,2,2,1,1,1,3
180,PUNERI PALTAN,TELUGU TITANS,12,25,8,9,2,3,0,10,2,3,1,4
181,U MUMBA,JAIPUR PINK PANTHERS,36,34,17,19,8,7,4,4,7,4,0,4
182,BENGALURU BULLS,BENGAL WARRIORS,24,23,11,12,9,7,2,2,2,2,0,4
183,PUNERI PALTAN,U MUMBA,41,19,22,14,10,4,6,0,3,1,0,4
184,BENGAL WARRIORS,DABANG DELHI K.C.,31,23,14,13,10,8,4,0,3,2,0,4
185,PUNERI PALTAN,PATNA PIRATES,24,30,17,16,7,10,0,4,0,0,1,4
186,PUNERI PALTAN,DABANG DELHI K.C.,27,27,18,14,7,10,2,2,0,1,draw,4
187,JAIPUR PINK PANTHERS,TELUGU TITANS,28,24,11,12,10,9,2,0,5,3,0,4
188,U MUMBA,PATNA PIRATES,34,36,19,21,11,10,2,4,2,1,1,4
189,JAIPUR PINK PANTHERS,BENGALURU BULLS,28,28,18,13,7,9,2,4,1,2,draw,4
190,U MUMBA,DABANG DELHI K.C.,27,25,14,13,10,10,2,2,1,0,0,4
191,JAIPUR PINK PANTHERS,BENGAL WARRIORS,36,33,24,21,9,8,2,2,1,2,0,4
192,DABANG DELHI K.C.,BENGALURU BULLS,32,24,11,14,16,9,4,0,1,1,0,4
193,JAIPUR PINK PANTHERS,PUNERI PALTAN,28,33,22,16,6,13,0,4,0,0,1,4
194,TELUGU TITANS,PATNA PIRATES,33,35,19,23,9,9,4,2,1,1,1,4
195,BENGAL WARRIORS,U MUMBA,18,26,8,11,6,13,0,2,4,0,1,4
196,BENGALURU BULLS,PUNERI PALTAN,29,27,14,13,14,10,0,2,1,2,0,4
197,TELUGU TITANS,BENGAL WARRIORS,35,18,18,9,13,6,4,0,0,3,0,4
198,TELUGU TITANS,BENGALURU BULLS,28,30,20,18,4,8,2,2,2,2,1,4
199,DABANG DELHI K.C.,JAIPUR PINK PANTHERS,26,51,21,27,4,14,0,8,1,2,1,4
200,TELUGU TITANS,U MUMBA,35,30,19,22,11,6,4,2,1,0,0,4
201,PATNA PIRATES,BENGALURU BULLS,31,25,18,15,10,9,2,0,1,1,0,4
202,BENGALURU BULLS,U MUMBA,23,24,13,14,8,7,2,2,0,1,1,4
203,PATNA PIRATES,BENGAL WARRIORS,35,21,17,13,15,8,2,0,1,0,0,4
204,BENGAL WARRIORS,PUNERI PALTAN,31,38,16,20,9,10,2,4,4,4,1,4
205,PATNA PIRATES,DABANG DELHI K.C.,15,33,9,11,6,13,0,4,0,5,1,4
206,DABANG DELHI K.C.,TELUGU TITANS,23,28,10,12,11,11,0,2,2,3,1,4
207,PATNA PIRATES,JAIPUR PINK PANTHERS,21,26,9,8,11,17,0,0,1,1,1,4
208,BENGALURU BULLS,TELUGU TITANS,24,32,17,14,6,13,0,4,1,1,1,4
209,PUNERI PALTAN,BENGAL WARRIORS,34,34,21,12,7,18,2,2,4,2,draw,4
210,BENGALURU BULLS,JAIPUR PINK PANTHERS,22,24,13,12,6,9,2,2,1,1,1,4
211,JAIPUR PINK PANTHERS,U MUMBA,23,29,14,16,6,10,0,2,3,1,1,4
212,BENGALURU BULLS,PATNA PIRATES,23,38,11,14,11,17,0,6,1,1,1,4
213,TELUGU TITANS,PUNERI PALTAN,32,29,15,16,13,8,2,2,2,3,0,4
214,BENGALURU BULLS,DABANG DELHI K.C.,20,40,17,21,3,10,0,6,0,3,1,4
215,BENGAL WARRIORS,JAIPUR PINK PANTHERS,32,25,19,18,11,5,2,0,0,2,0,4
216,PATNA PIRATES,U MUMBA,34,24,13,14,16,9,4,0,1,1,0,4
217,PUNERI PALTAN,JAIPUR PINK PANTHERS,27,33,19,18,6,8,0,4,2,3,1,4
218,BENGAL WARRIORS,PATNA PIRATES,27,33,16,17,9,11,0,2,2,3,1,4
219,BENGAL WARRIORS,TELUGU TITANS,34,34,19,22,10,8,2,2,3,2,draw,4
220,TELUGU TITANS,DABANG DELHI K.C.,36,28,18,16,13,7,2,2,3,3,0,4
221,BENGAL WARRIORS,BENGALURU BULLS,25,27,13,17,8,9,2,0,2,1,1,4
222,U MUMBA,PUNERI PALTAN,34,31,18,19,10,8,4,2,2,2,0,4
223,JAIPUR PINK PANTHERS,DABANG DELHI K.C.,24,22,14,14,7,7,2,0,1,1,0,4
224,U MUMBA,TELUGU TITANS,25,25,14,13,9,8,2,2,0,2,draw,4
225,JAIPUR PINK PANTHERS,PATNA PIRATES,29,22,13,16,9,3,4,0,3,3,0,4
226,U MUMBA,BENGAL WARRIORS,27,31,19,15,3,11,2,4,3,1,1,4
227,PATNA PIRATES,PUNERI PALTAN,31,28,17,17,10,9,4,2,0,0,0,4
228,U MUMBA,BENGALURU BULLS,27,28,14,10,10,11,2,4,1,3,1,4
229,DABANG DELHI K.C.,BENGAL WARRIORS,41,20,22,15,11,4,6,0,2,1,0,4
230,TELUGU TITANS,JAIPUR PINK PANTHERS,35,23,16,15,11,7,4,0,4,1,0,4
231,DABANG DELHI K.C.,PATNA PIRATES,31,32,20,18,10,9,0,2,1,3,1,4
232,PATNA PIRATES,TELUGU TITANS,25,46,16,23,9,17,0,6,0,0,1,4
233,DABANG DELHI K.C.,PUNERI PALTAN,34,39,21,24,11,5,0,4,2,6,1,4
234,PUNERI PALTAN,BENGALURU BULLS,36,33,17,18,13,12,4,2,2,1,0,4
235,DABANG DELHI K.C.,U MUMBA,34,38,19,21,8,11,4,4,3,2,1,4
236,PATNA PIRATES,PUNERI PALTAN,37,33,20,17,14,12,2,2,1,2,0,4
237,TELUGU TITANS,JAIPUR PINK PANTHERS,24,34,18,16,4,11,0,4,2,3,1,4
238,TELUGU TITANS,PUNERI PALTAN,35,40,21,23,6,10,4,4,4,3,1,4
239,PATNA PIRATES,JAIPUR PINK PANTHERS,37,29,20,21,12,4,4,0,1,4,0,4
240,TELUGU TITANS,TAMIL THALAIVAS,32,27,19,16,11,9,2,0,0,2,0,5
241,U MUMBA,PUNERI PALTAN,21,33,11,12,7,15,0,4,3,2,1,5
242,JAIPUR PINK PANTHERS,DABANG DELHI K.C.,26,30,15,13,4,12,2,4,5,1,1,5
243,TELUGU TITANS,PATNA PIRATES,29,35,18,22,8,10,2,2,1,1,1,5
244,U MUMBA,HARYANA STEELERS,29,28,16,16,11,9,2,2,0,1,0,5
245,TELUGU TITANS,BENGALURU BULLS,21,31,15,17,4,10,0,4,2,0,1,5
246,GUJARAT FORTUNEGIANTS,DABANG DELHI K.C.,26,20,10,11,9,5,4,2,3,2,0,5
247,TELUGU TITANS,U.P. YODDHA,18,31,13,17,4,11,0,2,1,1,1,5
248,GUJARAT FORTUNEGIANTS,HARYANA STEELERS,27,27,14,16,9,9,2,2,2,0,draw,5
249,TELUGU TITANS,BENGAL WARRIORS,24,30,16,19,7,6,0,2,1,3,1,5
250,TELUGU TITANS,PATNA PIRATES,36,43,20,22,10,13,2,4,4,4,1,5
251,BENGALURU BULLS,TAMIL THALAIVAS,32,31,15,16,13,8,4,4,0,3,0,5
252,PUNERI PALTAN,DABANG DELHI K.C.,26,21,14,11,8,6,2,0,2,4,0,5
253,U MUMBA,DABANG DELHI K.C.,36,22,15,10,15,7,4,0,2,5,0,5
254,BENGALURU BULLS,U.P. YODDHA,27,32,17,18,4,9,2,2,4,3,1,5
255,BENGAL WARRIORS,U.P. YODDHA,40,20,22,13,9,4,6,0,3,3,0,5
256,BENGALURU BULLS,PATNA PIRATES,32,46,22,24,5,12,0,8,5,2,1,5
257,GUJARAT FORTUNEGIANTS,HARYANA STEELERS,20,32,10,10,9,16,0,2,1,4,1,5
258,BENGALURU BULLS,TELUGU TITANS,21,21,10,14,7,6,2,0,2,1,draw,5
259,BENGALURU BULLS,BENGAL WARRIORS,31,25,14,15,12,8,2,2,3,0,0,5
260,PUNERI PALTAN,JAIPUR PINK PANTHERS,28,30,18,12,8,12,0,2,2,4,1,5
261,BENGALURU BULLS,TAMIL THALAIVAS,24,29,15,16,6,10,2,2,1,1,1,5
262,GUJARAT FORTUNEGIANTS,U MUMBA,39,21,19,13,13,5,6,0,1,3,0,5
263,TELUGU TITANS,U.P. YODDHA,32,39,19,22,9,11,2,2,2,4,1,5
264,GUJARAT FORTUNEGIANTS,DABANG DELHI K.C.,29,25,17,12,7,8,2,2,3,3,0,5
265,PATNA PIRATES,U.P. YODDHA,27,27,18,16,6,9,0,0,3,2,draw,5
266,GUJARAT FORTUNEGIANTS,JAIPUR PINK PANTHERS,27,20,8,9,13,6,2,0,4,5,0,5
267,BENGAL WARRIORS,PUNERI PALTAN,17,34,10,15,6,10,0,4,1,5,1,5
268,GUJARAT FORTUNEGIANTS,BENGALURU BULLS,27,24,13,10,11,11,2,2,1,1,0,5
269,HARYANA STEELERS,TAMIL THALAIVAS,25,25,12,12,10,10,0,2,3,1,draw,5
270,GUJARAT FORTUNEGIANTS,TELUGU TITANS,29,19,17,12,9,5,2,0,1,2,0,5
271,DABANG DELHI K.C.,TAMIL THALAIVAS,30,29,24,15,6,11,0,2,0,1,0,5
272,GUJARAT FORTUNEGIANTS,BENGAL WARRIORS,26,26,21,17,3,5,2,2,0,2,draw,5
273,U.P. YODDHA,U MUMBA,34,37,23,25,6,8,4,4,1,0,1,5
274,BENGALURU BULLS,JAIPUR PINK PANTHERS,28,30,15,13,8,10,4,4,1,3,1,5
275,TELUGU TITANS,U MUMBA,37,32,18,18,14,9,4,2,1,3,0,5
276,U.P. YODDHA,HARYANA STEELERS,29,36,11,15,14,14,0,4,4,3,1,5
277,PATNA PIRATES,PUNERI PALTAN,42,47,31,29,6,12,4,4,1,2,1,5
278,U.P. YODDHA,JAIPUR PINK PANTHERS,22,24,12,12,7,8,0,2,3,2,1,5
279,GUJARAT FORTUNEGIANTS,PUNERI PALTAN,35,21,13,11,17,10,4,0,1,0,0,5
280,U.P. YODDHA,BENGAL WARRIORS,31,32,20,17,10,10,0,2,1,3,1,5
281,HARYANA STEELERS,DABANG DELHI K.C.,27,25,16,14,8,9,2,2,1,0,0,5
282,U.P. YODDHA,TAMIL THALAIVAS,33,33,19,16,10,14,2,2,2,1,draw,5
283,U.P. YODDHA,TELUGU TITANS,25,23,13,10,10,12,0,0,2,1,0,5
284,U MUMBA,JAIPUR PINK PANTHERS,36,39,17,19,13,11,2,6,4,3,1,5
285,BENGAL WARRIORS,PATNA PIRATES,36,36,22,18,11,13,2,4,1,1,draw,5
286,PATNA PIRATES,TAMIL THALAIVAS,35,24,18,14,13,9,4,0,0,1,0,5
287,U MUMBA,PUNERI PALTAN,24,26,13,14,8,8,2,2,1,2,1,5
288,BENGAL WARRIORS,BENGALURU BULLS,32,26,17,15,11,10,2,0,2,1,0,5
289,U MUMBA,DABANG DELHI K.C.,32,33,26,19,5,10,0,4,1,0,1,5
290,BENGALURU BULLS,U.P. YODDHA,64,24,37,18,16,4,10,0,1,2,0,5
291,U MUMBA,GUJARAT FORTUNEGIANTS,23,45,12,23,11,13,0,6,0,3,1,5
292,U MUMBA,HARYANA STEELERS,38,32,21,21,14,7,2,2,1,2,0,5
293,TELUGU TITANS,TAMIL THALAIVAS,33,28,12,16,16,8,2,2,3,2,0,5
294,U MUMBA,JAIPUR PINK PANTHERS,36,32,25,18,7,5,2,4,2,5,0,5
295,BENGAL WARRIORS,PATNA PIRATES,41,38,27,23,9,9,2,4,3,2,0,5
296,GUJARAT FORTUNEGIANTS,HARYANA STEELERS,36,42,24,25,8,11,2,4,2,2,1,5
297,BENGAL WARRIORS,U.P. YODDHA,26,26,15,19,9,5,2,0,0,2,draw,5
298,GUJARAT FORTUNEGIANTS,JAIPUR PINK PANTHERS,25,31,14,12,9,11,0,4,2,4,1,5
299,BENGAL WARRIORS,TAMIL THALAIVAS,29,25,15,13,9,10,2,2,3,0,0,5
300,PATNA PIRATES,JAIPUR PINK PANTHERS,47,21,30,15,8,5,8,0,1,1,0,5
301,BENGAL WARRIORS,HARYANA STEELERS,29,36,22,20,5,8,2,4,0,4,1,5
302,DABANG DELHI K.C.,BENGALURU BULLS,38,30,26,22,6,5,4,2,2,1,0,5
303,BENGAL WARRIORS,U MUMBA,31,37,19,22,5,11,2,4,5,0,1,5
304,TELUGU TITANS,PUNERI PALTAN,37,42,20,18,10,15,4,6,3,3,1,5
305,BENGAL WARRIORS,DABANG DELHI K.C.,31,31,18,22,8,6,4,2,1,1,draw,5
306,HARYANA STEELERS,PATNA PIRATES,41,41,23,26,13,11,4,4,1,0,draw,5
307,GUJARAT FORTUNEGIANTS,U.P. YODDHA,30,30,12,15,11,13,4,2,3,0,draw,5
308,PATNA PIRATES,U MUMBA,41,51,31,34,6,10,2,6,2,1,1,5
309,HARYANA STEELERS,BENGALURU BULLS,38,31,24,24,9,6,4,0,1,1,0,5
310,BENGALURU BULLS,PUNERI PALTAN,24,20,6,7,15,11,2,0,1,2,0,5
311,HARYANA STEELERS,TELUGU TITANS,19,37,12,16,4,13,0,4,3,4,1,5
312,BENGAL WARRIORS,TELUGU TITANS,32,31,22,17,5,8,2,4,3,2,0,5
313,HARYANA STEELERS,DABANG DELHI K.C.,27,24,14,13,10,6,2,2,1,3,0,5
314,TAMIL THALAIVAS,U.P. YODDHA,34,33,18,22,10,9,4,2,2,0,0,5
315,HARYANA STEELERS,PUNERI PALTAN,22,38,14,22,8,8,0,4,0,4,1,5
316,HARYANA STEELERS,JAIPUR PINK PANTHERS,27,27,16,19,9,6,2,2,0,0,draw,5
317,PATNA PIRATES,TELUGU TITANS,46,30,24,17,12,8,8,2,2,3,0,5
318,U MUMBA,GUJARAT FORTUNEGIANTS,28,39,17,21,7,13,0,4,4,1,1,5
319,BENGALURU BULLS,TELUGU TITANS,26,26,15,12,9,13,2,0,0,1,draw,5
320,PATNA PIRATES,U.P. YODDHA,45,42,26,27,8,8,6,4,5,3,0,5
321,JAIPUR PINK PANTHERS,DABANG DELHI K.C.,36,25,17,15,13,9,4,0,2,1,0,5
322,PATNA PIRATES,BENGAL WARRIORS,37,37,23,27,9,7,4,2,1,1,draw,5
323,PUNERI PALTAN,HARYANA STEELERS,37,25,16,16,17,9,4,0,0,0,0,5
324,PATNA PIRATES,BENGALURU BULLS,36,32,22,22,7,5,4,2,3,3,0,5
325,PATNA PIRATES,TAMIL THALAIVAS,41,39,26,27,8,10,4,2,3,0,0,5
326,JAIPUR PINK PANTHERS,HARYANA STEELERS,26,30,17,13,8,15,0,2,1,0,1,5
327,PATNA PIRATES,U.P. YODDHA,41,46,30,32,6,8,2,4,3,2,1,5
328,DABANG DELHI K.C.,U MUMBA,28,30,15,17,8,8,2,2,3,3,1,5
329,BENGALURU BULLS,BENGAL WARRIORS,29,33,15,18,11,12,2,2,1,1,1,5
330,DABANG DELHI K.C.,PUNERI PALTAN,29,34,17,19,8,11,2,4,2,0,1,5
331,BENGAL WARRIORS,TAMIL THALAIVAS,32,33,21,14,7,15,2,2,2,2,1,5
332,DABANG DELHI K.C.,HARYANA STEELERS,24,42,13,15,9,18,0,6,2,3,1,5
333,GUJARAT FORTUNEGIANTS,TAMIL THALAIVAS,34,35,20,25,9,8,4,2,1,0,1,5
334,DABANG DELHI K.C.,PATNA PIRATES,34,36,15,19,12,11,4,4,3,2,1,5
335,TELUGU TITANS,JAIPUR PINK PANTHERS,41,34,27,25,11,3,2,2,1,4,0,5
336,DABANG DELHI K.C.,U.P. YODDHA,16,45,11,25,5,13,0,6,0,1,1,5
337,BENGALURU BULLS,U MUMBA,30,42,20,23,6,13,0,4,4,2,1,5
338,DABANG DELHI K.C.,TELUGU TITANS,22,44,13,26,9,12,0,6,0,0,1,5
339,TAMIL THALAIVAS,PUNERI PALTAN,20,33,10,12,9,13,0,4,1,4,1,5
340,GUJARAT FORTUNEGIANTS,PATNA PIRATES,30,29,13,13,14,13,2,0,1,3,0,5
341,PUNERI PALTAN,U.P. YODDHA,34,33,21,20,9,10,4,2,0,1,0,5
342,TAMIL THALAIVAS,JAIPUR PINK PANTHERS,26,27,15,15,8,8,0,2,3,2,1,5
343,JAIPUR PINK PANTHERS,BENGAL WARRIORS,31,32,22,22,7,7,2,2,0,1,1,5
344,TAMIL THALAIVAS,U MUMBA,30,33,19,20,7,9,2,2,2,2,1,5
345,DABANG DELHI K.C.,GUJARAT FORTUNEGIANTS,22,42,16,25,4,8,0,6,2,3,1,5
346,TAMIL THALAIVAS,TELUGU TITANS,37,58,28,36,3,11,2,8,4,3,1,5
347,U MUMBA,HARYANA STEELERS,30,41,23,24,3,11,0,4,4,2,1,5
348,TAMIL THALAIVAS,U.P. YODDHA,33,37,25,25,7,6,0,2,1,4,1,5
349,TAMIL THALAIVAS,BENGALURU BULLS,35,45,24,24,7,12,2,6,2,3,1,5
350,JAIPUR PINK PANTHERS,GUJARAT FORTUNEGIANTS,23,29,11,15,8,11,0,2,4,1,1,5
351,PUNERI PALTAN,BENGAL WARRIORS,19,25,8,9,10,13,0,2,1,1,1,5
352,HARYANA STEELERS,TELUGU TITANS,32,30,25,22,1,5,2,2,4,1,0,5
353,JAIPUR PINK PANTHERS,U MUMBA,36,32,18,14,12,11,4,2,2,5,0,5
354,GUJARAT FORTUNEGIANTS,PATNA PIRATES,33,29,13,16,15,10,2,2,3,1,0,5
355,JAIPUR PINK PANTHERS,PUNERI PALTAN,30,38,17,14,7,18,2,4,4,2,1,5
356,U MUMBA,TAMIL THALAIVAS,35,38,20,21,11,12,2,2,2,3,1,5
357,JAIPUR PINK PANTHERS,DABANG DELHI K.C.,34,35,19,17,9,11,2,2,4,5,1,5
358,JAIPUR PINK PANTHERS,HARYANA STEELERS,27,37,15,19,7,13,0,4,5,1,1,5
359,JAIPUR PINK PANTHERS,U.P. YODDHA,32,53,25,32,5,9,0,6,2,6,1,5
360,PUNERI PALTAN,GUJARAT FORTUNEGIANTS,20,44,11,22,5,15,0,6,4,1,1,5
361,BENGAL WARRIORS,TAMIL THALAIVAS,34,30,20,25,10,5,4,0,0,0,0,5
362,TAMIL THALAIVAS,PATNA PIRATES,40,37,25,29,11,6,4,2,0,0,0,5
363,PUNERI PALTAN,U MUMBA,43,24,23,17,13,6,6,0,1,1,0,5
364,BENGALURU BULLS,U.P. YODDHA,38,32,17,19,15,8,4,2,2,3,0,5
365,PUNERI PALTAN,DABANG DELHI K.C.,34,31,23,19,6,9,2,2,3,1,0,5
366,PUNERI PALTAN,HARYANA STEELERS,27,31,16,13,9,12,0,2,2,4,1,5
367,PATNA PIRATES,BENGALURU BULLS,29,29,19,18,10,9,0,2,0,0,draw,5
368,PUNERI PALTAN,JAIPUR PINK PANTHERS,38,15,15,8,18,7,4,0,1,0,0,5
369,TELUGU TITANS,BENGAL WARRIORS,37,37,21,20,11,8,4,4,1,5,draw,5
370,PUNERI PALTAN,GUJARAT FORTUNEGIANTS,22,23,8,13,11,9,0,0,3,1,1,5
371,PUNERI PALTAN,U.P. YODDHA,40,38,18,23,17,8,4,4,1,3,0,5
372,PATNA PIRATES,HARYANA STEELERS,69,30,44,25,14,3,10,0,1,2,0,5
373,GUJARAT FORTUNEGIANTS,BENGAL WARRIORS,42,17,21,8,14,7,6,0,1,2,0,5
374,PUNERI PALTAN,PATNA PIRATES,32,42,15,23,11,9,2,6,4,4,1,5
375,BENGAL WARRIORS,PATNA PIRATES,44,47,33,28,6,10,2,6,3,3,1,5
376,GUJARAT FORTUNEGIANTS,PATNA PIRATES,38,55,27,32,5,13,2,8,4,2,1,5
377,TAMIL THALAIVAS,PATNA PIRATES,42,26,24,21,11,2,6,2,1,1,0,6
378,PUNERI PALTAN,U MUMBA,32,32,21,20,11,9,0,2,0,1,draw,6
379,PUNERI PALTAN,HARYANA STEELERS,34,22,16,11,9,9,4,0,5,2,0,6
380,TAMIL THALAIVAS,U.P. YODDHA,32,37,22,18,5,10,4,4,1,5,1,6
381,DABANG DELHI K.C.,GUJARAT FORTUNEGIANTS,32,32,19,17,10,11,2,2,1,2,draw,6
382,TAMIL THALAIVAS,TELUGU TITANS,28,33,16,16,11,14,0,2,1,1,1,6
383,U MUMBA,JAIPUR PINK PANTHERS,39,32,22,14,10,10,4,2,3,6,0,6
384,TAMIL THALAIVAS,BENGALURU BULLS,37,48,30,31,5,12,2,4,0,1,1,6
385,JAIPUR PINK PANTHERS,DABANG DELHI K.C.,29,40,22,27,7,8,0,4,0,1,1,6
386,TAMIL THALAIVAS,BENGAL WARRIORS,27,36,18,18,8,10,0,4,1,4,1,6
387,BENGALURU BULLS,U.P. YODDHA,37,27,20,14,13,12,4,0,0,1,0,6
388,HARYANA STEELERS,GUJARAT FORTUNEGIANTS,32,25,13,16,14,9,2,0,3,0,0,6
389,PATNA PIRATES,U.P. YODDHA,43,37,29,28,8,6,4,2,2,1,0,6
390,PUNERI PALTAN,DABANG DELHI K.C.,37,41,24,23,9,10,2,4,2,4,1,6
391,HARYANA STEELERS,U MUMBA,26,53,19,29,5,15,0,8,2,1,1,6
392,TELUGU TITANS,U.P. YODDHA,34,29,17,16,15,11,0,0,2,2,0,6
393,HARYANA STEELERS,PUNERI PALTAN,27,45,21,20,4,16,0,6,2,3,1,6
394,BENGAL WARRIORS,TELUGU TITANS,30,25,16,10,7,13,2,0,5,2,0,6
395,HARYANA STEELERS,JAIPUR PINK PANTHERS,33,36,22,22,7,11,0,2,4,1,1,6
396,BENGALURU BULLS,TAMIL THALAIVAS,44,35,26,22,12,10,4,2,2,1,0,6
397,HARYANA STEELERS,U MUMBA,32,42,22,27,9,11,0,4,1,0,1,6
398,HARYANA STEELERS,DABANG DELHI K.C.,34,31,19,21,12,10,2,0,1,0,0,6
399,PUNERI PALTAN,GUJARAT FORTUNEGIANTS,28,34,17,18,7,11,0,2,4,3,1,6
400,PATNA PIRATES,TELUGU TITANS,31,35,19,15,8,15,2,2,2,3,1,6
401,PUNERI PALTAN,JAIPUR PINK PANTHERS,29,25,9,9,18,14,0,2,2,0,0,6
402,U.P. YODDHA,BENGAL WARRIORS,40,40,25,25,8,12,2,2,5,1,draw,6
403,PUNERI PALTAN,U MUMBA,33,32,19,21,8,8,2,2,4,1,0,6
404,DABANG DELHI K.C.,BENGAL WARRIORS,39,30,18,25,10,2,4,0,7,3,0,6
405,PUNERI PALTAN,BENGALURU BULLS,27,25,12,13,10,10,0,2,5,0,0,6
406,U MUMBA,TELUGU TITANS,41,20,22,13,12,6,6,0,1,1,0,6
407,PUNERI PALTAN,TAMIL THALAIVAS,31,36,21,23,7,9,0,4,3,0,1,6
408,BENGALURU BULLS,HARYANA STEELERS,42,34,29,28,7,4,4,0,2,2,0,6
409,PUNERI PALTAN,U.P. YODDHA,23,29,14,18,5,9,0,0,4,2,1,6
410,PATNA PIRATES,JAIPUR PINK PANTHERS,41,30,22,22,14,8,4,0,1,0,0,6
411,GUJARAT FORTUNEGIANTS,TAMIL THALAIVAS,36,25,21,18,13,7,2,0,0,0,0,6
412,JAIPUR PINK PANTHERS,BENGAL WARRIORS,28,39,20,22,7,12,0,4,1,1,1,6
413,PATNA PIRATES,U MUMBA,39,40,23,26,7,12,4,0,5,2,1,6
414,DABANG DELHI K.C.,U.P. YODDHA,36,38,24,25,8,9,2,4,2,0,1,6
415,PATNA PIRATES,HARYANA STEELERS,32,43,23,21,8,15,0,4,1,3,1,6
416,PUNERI PALTAN,GUJARAT FORTUNEGIANTS,27,37,13,18,13,12,0,4,1,3,1,6
417,PATNA PIRATES,TELUGU TITANS,32,53,24,26,6,18,0,6,2,3,1,6
418,DABANG DELHI K.C.,PUNERI PALTAN,27,31,11,13,9,12,2,2,5,4,1,6
419,PATNA PIRATES,BENGALURU BULLS,41,43,22,29,13,10,4,2,2,2,1,6
420,PATNA PIRATES,BENGAL WARRIORS,29,27,16,18,10,7,2,0,1,2,0,6
421,U.P. YODDHA,TAMIL THALAIVAS,24,46,14,19,9,19,0,6,1,2,1,6
422,JAIPUR PINK PANTHERS,GUJARAT FORTUNEGIANTS,25,36,10,14,11,15,0,4,4,3,1,6
423,U MUMBA,PUNERI PALTAN,31,22,11,7,14,12,4,0,2,3,0,6
424,U.P. YODDHA,BENGALURU BULLS,29,35,12,20,12,12,2,2,3,1,1,6
425,DABANG DELHI K.C.,GUJARAT FORTUNEGIANTS,38,45,26,25,6,12,4,4,2,4,1,6
426,U.P. YODDHA,BENGAL WARRIORS,30,30,19,19,8,7,2,2,1,2,draw,6
427,JAIPUR PINK PANTHERS,HARYANA STEELERS,38,32,21,22,12,7,4,2,1,1,0,6
428,U.P. YODDHA,TELUGU TITANS,26,26,11,13,13,11,2,2,0,0,draw,6
429,U.P. YODDHA,PATNA PIRATES,41,43,27,26,7,11,4,4,3,2,1,6
430,HARYANA STEELERS,DABANG DELHI K.C.,33,39,20,23,9,12,2,4,2,0,1,6
431,U.P. YODDHA,BENGALURU BULLS,27,37,14,19,12,12,0,4,1,2,1,6
432,U MUMBA,JAIPUR PINK PANTHERS,48,24,24,16,15,7,8,0,1,1,0,6
433,BENGAL WARRIORS,TELUGU TITANS,30,25,11,13,14,11,2,0,3,1,0,6
434,PATNA PIRATES,BENGAL WARRIORS,50,30,28,17,15,10,6,2,1,1,0,6
435,U MUMBA,GUJARAT FORTUNEGIANTS,36,38,19,22,14,9,2,4,1,3,1,6
436,U MUMBA,HARYANA STEELERS,31,35,19,20,10,12,2,2,0,1,1,6
437,PUNERI PALTAN,TELUGU TITANS,25,28,12,14,9,10,2,4,2,0,1,6
438,U MUMBA,U.P. YODDHA,41,24,15,10,18,13,6,0,2,1,0,6
439,TAMIL THALAIVAS,HARYANA STEELERS,32,32,17,18,11,9,2,2,2,3,draw,6
440,U MUMBA,BENGALURU BULLS,32,29,14,21,11,4,4,2,3,2,0,6
441,PATNA PIRATES,DABANG DELHI K.C.,38,35,23,24,9,9,4,2,2,0,0,6
442,U MUMBA,TAMIL THALAIVAS,36,22,14,15,17,5,4,0,1,2,0,6
443,GUJARAT FORTUNEGIANTS,BENGAL WARRIORS,35,23,18,13,10,8,4,0,3,2,0,6
444,JAIPUR PINK PANTHERS,U.P. YODDHA,45,28,20,14,19,11,6,0,0,3,0,6
445,PUNERI PALTAN,BENGAL WARRIORS,22,26,13,12,6,10,0,2,3,2,1,6
446,GUJARAT FORTUNEGIANTS,BENGALURU BULLS,30,30,20,17,6,10,2,2,2,1,draw,6
447,JAIPUR PINK PANTHERS,BENGALURU BULLS,32,45,21,28,9,9,2,6,0,2,1,6
448,GUJARAT FORTUNEGIANTS,U.P. YODDHA,37,32,17,17,12,11,4,2,4,2,0,6
449,TAMIL THALAIVAS,TELUGU TITANS,27,23,15,15,9,7,2,0,1,1,0,6
450,GUJARAT FORTUNEGIANTS,DABANG DELHI K.C.,26,29,13,12,12,13,0,2,1,2,1,6
451,PATNA PIRATES,TAMIL THALAIVAS,45,27,28,21,10,4,6,2,1,0,0,6
452,GUJARAT FORTUNEGIANTS,U MUMBA,39,35,21,22,12,10,4,2,2,1,0,6
453,GUJARAT FORTUNEGIANTS,HARYANA STEELERS,40,31,20,20,15,7,4,0,1,4,0,6
454,BENGALURU BULLS,BENGAL WARRIORS,31,33,25,23,3,7,2,2,1,1,1,6
455,JAIPUR PINK PANTHERS,PUNERI PALTAN,30,30,15,14,12,9,2,2,1,5,draw,6
456,U MUMBA,DABANG DELHI K.C.,39,23,18,15,15,5,4,0,2,3,0,6
457,BENGALURU BULLS,TAMIL THALAIVAS,36,22,18,13,13,9,4,0,1,0,0,6
458,BENGALURU BULLS,PATNA PIRATES,32,35,22,18,7,10,2,2,1,5,1,6
459,DABANG DELHI K.C.,HARYANA STEELERS,27,34,15,16,9,13,0,2,3,3,1,6
460,TAMIL THALAIVAS,TELUGU TITANS,31,25,13,11,15,9,2,0,1,5,0,6
461,HARYANA STEELERS,PUNERI PALTAN,33,35,19,22,10,8,4,4,0,1,1,6
462,BENGALURU BULLS,TELUGU TITANS,34,26,19,12,13,12,2,2,0,0,0,6
463,PUNERI PALTAN,GUJARAT FORTUNEGIANTS,20,35,6,13,12,14,0,4,2,4,1,6
464,BENGALURU BULLS,BENGAL WARRIORS,37,44,28,28,6,9,2,6,1,1,1,6
465,DABANG DELHI K.C.,JAIPUR PINK PANTHERS,48,35,31,29,9,4,6,2,2,0,0,6
466,TAMIL THALAIVAS,PATNA PIRATES,35,35,25,22,8,7,2,4,0,2,draw,6
467,DABANG DELHI K.C.,U MUMBA,34,41,20,27,8,10,4,4,2,0,1,6
468,U MUMBA,GUJARAT FORTUNEGIANTS,36,26,14,15,17,8,4,0,1,3,0,6
469,DABANG DELHI K.C.,PUNERI PALTAN,35,24,17,17,13,7,4,0,1,0,0,6
470,PATNA PIRATES,GUJARAT FORTUNEGIANTS,27,45,13,22,13,17,0,6,1,0,1,6
471,DABANG DELHI K.C.,TELUGU TITANS,34,29,17,21,9,6,4,2,4,0,0,6
472,HARYANA STEELERS,BENGAL WARRIORS,35,33,19,24,10,6,2,2,4,1,0,6
473,DABANG DELHI K.C.,BENGALURU BULLS,32,31,18,24,10,5,4,0,0,2,0,6
474,U.P. YODDHA,HARYANA STEELERS,30,29,19,22,9,5,2,0,0,2,0,6
475,DABANG DELHI K.C.,TAMIL THALAIVAS,37,33,18,24,10,4,4,2,5,3,0,6
476,TELUGU TITANS,GUJARAT FORTUNEGIANTS,27,29,16,20,6,5,2,2,3,2,1,6
477,PATNA PIRATES,PUNERI PALTAN,53,36,33,28,12,6,6,0,2,2,0,6
478,U MUMBA,BENGAL WARRIORS,31,20,15,10,13,8,2,0,1,2,0,6
479,TELUGU TITANS,JAIPUR PINK PANTHERS,36,26,21,19,10,7,4,0,1,0,0,6
480,TAMIL THALAIVAS,JAIPUR PINK PANTHERS,24,37,16,18,7,15,0,4,1,0,1,6
481,TELUGU TITANS,HARYANA STEELERS,35,31,18,20,15,7,2,2,0,2,0,6
482,DABANG DELHI K.C.,U MUMBA,19,44,11,23,8,15,0,6,0,0,1,6
483,TELUGU TITANS,U.P. YODDHA,20,27,11,13,9,11,0,2,0,1,1,6
484,HARYANA STEELERS,GUJARAT FORTUNEGIANTS,37,47,26,30,8,12,2,4,1,1,1,6
485,TELUGU TITANS,BENGALURU BULLS,24,37,16,18,8,13,0,4,0,2,1,6
486,TELUGU TITANS,PATNA PIRATES,41,36,22,24,14,10,4,2,1,0,0,6
487,JAIPUR PINK PANTHERS,PUNERI PALTAN,36,23,14,14,17,9,4,0,1,0,0,6
488,BENGAL WARRIORS,TAMIL THALAIVAS,28,21,16,11,10,10,2,0,0,0,0,6
489,U.P. YODDHA,TAMIL THALAIVAS,25,25,16,13,6,8,0,0,3,4,draw,6
490,JAIPUR PINK PANTHERS,U MUMBA,35,35,18,22,10,10,4,2,3,1,draw,6
491,PATNA PIRATES,U.P. YODDHA,31,47,21,26,9,13,0,6,1,2,1,6
492,JAIPUR PINK PANTHERS,GUJARAT FORTUNEGIANTS,29,34,16,18,9,13,2,2,2,1,1,6
493,BENGALURU BULLS,TELUGU TITANS,44,28,22,16,12,9,6,2,4,1,0,6
494,JAIPUR PINK PANTHERS,HARYANA STEELERS,39,30,23,19,11,9,4,2,1,0,0,6
495,PATNA PIRATES,BENGALURU BULLS,40,40,26,26,7,11,4,2,3,1,draw,6
496,JAIPUR PINK PANTHERS,GUJARAT FORTUNEGIANTS,31,33,18,21,8,8,2,4,3,0,1,6
497,JAIPUR PINK PANTHERS,DABANG DELHI K.C.,37,37,25,26,8,9,2,2,2,0,draw,6
498,PUNERI PALTAN,TELUGU TITANS,35,20,14,15,16,5,4,0,1,0,0,6
499,U MUMBA,U.P. YODDHA,32,34,17,19,12,13,2,2,1,0,1,6
500,BENGAL WARRIORS,PATNA PIRATES,39,23,19,17,15,6,4,0,1,0,0,6
501,BENGAL WARRIORS,DABANG DELHI K.C.,31,37,18,23,9,6,2,4,2,4,1,6
502,BENGAL WARRIORS,TAMIL THALAIVAS,27,24,17,18,10,6,0,0,0,0,0,6
503,HARYANA STEELERS,TAMIL THALAIVAS,40,40,30,26,8,8,2,4,0,2,draw,6
504,BENGAL WARRIORS,TELUGU TITANS,39,34,27,22,7,10,2,2,3,0,0,6
505,GUJARAT FORTUNEGIANTS,PATNA PIRATES,37,29,18,18,14,6,2,0,3,5,0,6
506,BENGAL WARRIORS,BENGALURU BULLS,37,31,24,19,7,6,4,2,2,4,0,6
507,JAIPUR PINK PANTHERS,BENGALURU BULLS,32,40,23,25,9,10,0,4,0,1,1,6
508,BENGAL WARRIORS,U.P. YODDHA,25,41,16,19,7,14,0,6,2,2,1,6
509,U MUMBA,U.P. YODDHA,29,34,18,12,11,18,0,2,0,2,1,6
510,DABANG DELHI K.C.,BENGAL WARRIORS,39,28,22,18,11,6,4,2,2,2,0,6
511,GUJARAT FORTUNEGIANTS,BENGALURU BULLS,29,41,21,22,6,13,2,4,0,2,1,6
512,U.P. YODDHA,DABANG DELHI K.C.,45,33,26,22,10,4,6,2,3,5,0,6
513,GUJARAT FORTUNEGIANTS,U.P. YODDHA,38,31,22,17,10,10,4,2,2,2,0,6
514,BENGALURU BULLS,GUJARAT FORTUNEGIANTS,38,33,26,20,7,8,4,2,1,3,0,7
515,TELUGU TITANS,U MUMBA,25,31,15,16,10,10,0,4,0,1,1,7
516,BENGALURU BULLS,PATNA PIRATES,34,32,17,18,15,12,2,2,0,0,0,7
517,BENGALURU BULLS,GUJARAT FORTUNEGIANTS,24,42,17,17,5,17,0,6,2,2,1,7
518,TELUGU TITANS,TAMIL THALAIVAS,26,39,15,20,8,15,0,4,3,0,1,7
519,U MUMBA,JAIPUR PINK PANTHERS,23,42,18,25,5,11,0,6,0,0,1,7
520,PUNERI PALTAN,HARYANA STEELERS,24,34,14,15,10,14,0,4,0,1,1,7
521,U.P. YODDHA,BENGAL WARRIORS,17,48,10,24,5,14,0,8,2,2,1,7
522,TELUGU TITANS,DABANG DELHI K.C.,33,34,27,23,6,7,0,2,0,2,1,7
523,DABANG DELHI K.C.,TAMIL THALAIVAS,30,29,13,12,9,11,2,2,6,4,0,7
524,U.P. YODDHA,GUJARAT FORTUNEGIANTS,19,44,12,23,5,14,0,6,2,1,1,7
525,TELUGU TITANS,PATNA PIRATES,22,34,10,12,8,16,0,4,4,2,1,7
526,U MUMBA,PUNERI PALTAN,33,23,15,12,12,11,4,0,2,0,0,7
527,JAIPUR PINK PANTHERS,BENGAL WARRIORS,27,25,12,13,10,11,2,0,3,1,0,7
528,DABANG DELHI K.C.,HARYANA STEELERS,41,21,22,16,9,4,4,0,6,1,0,7
529,U MUMBA,BENGALURU BULLS,26,30,15,15,4,8,2,2,5,5,1,7
530,TAMIL THALAIVAS,PATNA PIRATES,23,24,9,7,10,13,0,0,4,4,1,7
531,BENGAL WARRIORS,PUNERI PALTAN,43,23,22,13,12,9,6,0,3,1,0,7
532,HARYANA STEELERS,JAIPUR PINK PANTHERS,21,37,12,17,9,14,0,4,0,2,1,7
533,U MUMBA,U.P. YODDHA,23,27,10,10,11,13,0,2,2,2,1,7
534,GUJARAT FORTUNEGIANTS,DABANG DELHI K.C.,31,26,17,13,10,9,2,2,2,2,0,7
535,TELUGU TITANS,U.P. YODDHA,20,20,9,5,10,13,0,0,1,2,draw,7
536,U MUMBA,GUJARAT FORTUNEGIANTS,32,20,15,10,12,8,4,0,1,2,0,7
537,PATNA PIRATES,JAIPUR PINK PANTHERS,21,34,12,12,7,17,0,4,2,1,1,7
538,BENGAL WARRIORS,BENGALURU BULLS,42,43,29,31,6,8,4,4,3,0,1,7
539,HARYANA STEELERS,TAMIL THALAIVAS,28,35,16,20,10,10,2,4,0,1,1,7
540,PATNA PIRATES,PUNERI PALTAN,20,41,11,19,7,17,2,4,0,1,1,7
541,DABANG DELHI K.C.,JAIPUR PINK PANTHERS,35,24,21,19,8,3,4,0,2,2,0,7
542,GUJARAT FORTUNEGIANTS,PUNERI PALTAN,31,33,21,15,8,13,2,2,0,3,1,7
543,U.P. YODDHA,TAMIL THALAIVAS,28,28,13,13,12,10,2,2,1,3,draw,7
544,PATNA PIRATES,HARYANA STEELERS,26,35,18,18,6,12,2,4,0,1,1,7
545,TELUGU TITANS,BENGALURU BULLS,26,47,16,21,10,19,0,4,0,3,1,7
546,BENGAL WARRIORS,U MUMBA,32,30,17,13,10,10,4,4,1,3,0,7
547,PATNA PIRATES,U.P. YODDHA,41,20,17,14,16,4,6,0,2,2,0,7
548,GUJARAT FORTUNEGIANTS,TAMIL THALAIVAS,28,34,14,15,9,13,2,4,3,2,1,7
549,PUNERI PALTAN,DABANG DELHI K.C.,30,32,22,19,7,9,0,2,1,2,1,7
550,BENGALURU BULLS,HARYANA STEELERS,30,33,17,18,9,12,2,2,2,1,1,7
551,GUJARAT FORTUNEGIANTS,TELUGU TITANS,24,30,15,11,8,16,0,2,1,1,1,7
552,BENGAL WARRIORS,TELUGU TITANS,29,29,13,13,11,10,2,2,3,4,draw,7
553,U.P. YODDHA,BENGALURU BULLS,35,33,16,22,15,10,4,0,0,1,0,7
554,U.P. YODDHA,HARYANA STEELERS,33,36,21,20,10,12,2,4,0,0,1,7
555,GUJARAT FORTUNEGIANTS,BENGAL WARRIORS,26,28,15,16,11,7,0,2,0,3,1,7
556,JAIPUR PINK PANTHERS,PUNERI PALTAN,33,25,16,16,13,8,4,0,0,1,0,7
557,U MUMBA,PATNA PIRATES,34,30,24,17,6,8,2,2,2,3,0,7
558,GUJARAT FORTUNEGIANTS,JAIPUR PINK PANTHERS,19,22,8,9,9,13,0,0,2,0,1,7
559,TAMIL THALAIVAS,BENGALURU BULLS,21,32,15,15,6,10,0,4,0,3,1,7
560,BENGAL WARRIORS,DABANG DELHI K.C.,30,30,19,18,7,7,2,2,2,3,draw,7
561,HARYANA STEELERS,TELUGU TITANS,29,40,22,24,3,10,0,4,4,2,1,7
562,TAMIL THALAIVAS,PUNERI PALTAN,31,31,18,16,10,12,2,2,1,1,draw,7
563,U MUMBA,HARYANA STEELERS,27,30,14,16,10,9,2,2,1,3,1,7
564,U.P. YODDHA,JAIPUR PINK PANTHERS,31,24,18,14,11,9,2,0,0,1,0,7
565,PUNERI PALTAN,BENGALURU BULLS,31,23,13,16,16,6,2,0,0,1,0,7
566,TAMIL THALAIVAS,JAIPUR PINK PANTHERS,26,28,16,14,6,11,2,0,2,3,1,7
567,BENGAL WARRIORS,PATNA PIRATES,35,26,20,18,11,6,4,2,0,0,0,7
568,GUJARAT FORTUNEGIANTS,PATNA PIRATES,29,26,16,14,11,9,2,2,0,1,0,7
569,TAMIL THALAIVAS,U MUMBA,24,29,14,14,6,11,0,2,4,2,1,7
570,DABANG DELHI K.C.,BENGALURU BULLS,33,31,21,19,10,10,2,2,0,0,0,7
571,JAIPUR PINK PANTHERS,TELUGU TITANS,21,24,6,9,14,15,0,0,1,0,1,7
572,JAIPUR PINK PANTHERS,BENGALURU BULLS,30,41,13,21,12,16,2,4,3,0,1,7
573,DABANG DELHI K.C.,U.P. YODDHA,36,27,20,18,10,9,4,0,2,0,0,7
574,BENGAL WARRIORS,HARYANA STEELERS,33,36,24,23,5,8,2,2,2,3,1,7
575,U.P. YODDHA,PUNERI PALTAN,35,30,20,19,10,8,4,2,1,1,0,7
576,GUJARAT FORTUNEGIANTS,HARYANA STEELERS,25,41,16,20,8,14,0,6,1,1,1,7
577,DABANG DELHI K.C.,U MUMBA,40,24,18,14,16,10,6,0,0,0,0,7
578,BENGAL WARRIORS,TAMIL THALAIVAS,35,26,21,20,10,6,4,0,0,0,0,7
579,TELUGU TITANS,PUNERI PALTAN,27,34,10,15,17,14,0,2,0,3,1,7
580,DABANG DELHI K.C.,PATNA PIRATES,38,35,23,24,11,7,4,4,0,0,0,7
581,BENGALURU BULLS,GUJARAT FORTUNEGIANTS,23,32,9,11,13,13,0,4,1,4,1,7
582,U MUMBA,JAIPUR PINK PANTHERS,47,21,22,15,15,5,8,0,2,1,0,7
583,U.P. YODDHA,BENGAL WARRIORS,32,29,12,15,16,11,2,0,2,3,0,7
584,BENGALURU BULLS,TAMIL THALAIVAS,33,27,22,14,8,12,2,0,1,1,0,7
585,PUNERI PALTAN,HARYANA STEELERS,27,41,18,21,8,14,0,4,1,2,1,7
586,TELUGU TITANS,TAMIL THALAIVAS,35,30,21,22,9,8,2,0,3,0,0,7
587,JAIPUR PINK PANTHERS,DABANG DELHI K.C.,44,46,22,28,13,9,4,4,5,5,1,7
588,BENGALURU BULLS,PATNA PIRATES,40,39,24,21,13,15,2,2,1,1,0,7
589,PUNERI PALTAN,U MUMBA,33,33,12,18,12,11,4,2,5,2,draw,7
590,PATNA PIRATES,U.P. YODDHA,29,41,19,20,8,14,2,6,0,1,1,7
591,BENGALURU BULLS,TELUGU TITANS,40,39,28,29,7,8,4,2,1,0,0,7
592,BENGAL WARRIORS,GUJARAT FORTUNEGIANTS,25,25,17,16,8,8,0,0,0,1,draw,7
593,DABANG DELHI K.C.,HARYANA STEELERS,25,47,19,26,5,14,0,6,1,1,1,7
594,DABANG DELHI K.C.,TAMIL THALAIVAS,50,34,32,27,8,3,6,0,4,4,0,7
595,BENGAL WARRIORS,PUNERI PALTAN,42,39,27,22,10,12,4,4,1,1,0,7
596,U.P. YODDHA,GUJARAT FORTUNEGIANTS,33,26,16,16,12,7,4,2,1,1,0,7
597,TAMIL THALAIVAS,PATNA PIRATES,25,51,18,28,6,14,0,8,1,1,1,7
598,HARYANA STEELERS,JAIPUR PINK PANTHERS,32,32,17,16,13,10,2,4,0,2,draw,7
599,BENGAL WARRIORS,U MUMBA,29,26,16,20,10,6,2,0,1,0,0,7
600,JAIPUR PINK PANTHERS,PATNA PIRATES,33,36,23,23,9,10,0,2,1,1,1,7
601,TELUGU TITANS,U MUMBA,27,41,15,18,9,15,2,6,1,2,1,7
602,BENGAL WARRIORS,BENGALURU BULLS,42,40,25,28,12,7,4,2,1,3,0,7
603,PUNERI PALTAN,GUJARAT FORTUNEGIANTS,43,33,20,17,18,8,4,2,1,6,0,7
604,TAMIL THALAIVAS,HARYANA STEELERS,35,43,22,23,9,15,2,4,2,1,1,7
605,DABANG DELHI K.C.,GUJARAT FORTUNEGIANTS,34,30,19,19,10,5,4,2,1,4,0,7
606,PUNERI PALTAN,PATNA PIRATES,33,55,25,26,8,18,0,8,0,3,1,7
607,PUNERI PALTAN,BENGALURU BULLS,32,38,13,16,16,6,2,0,0,1,1,7
608,TAMIL THALAIVAS,JAIPUR PINK PANTHERS,29,37,16,14,6,11,2,0,2,3,1,7
609,BENGAL WARRIORS,PATNA PIRATES,39,36,20,18,11,6,4,2,0,0,0,7
610,GUJARAT FORTUNEGIANTS,PATNA PIRATES,36,36,16,14,11,9,2,2,0,1,draw,7
611,TAMIL THALAIVAS,U MUMBA,48,36,14,14,6,11,0,2,4,2,0,7
612,DABANG DELHI K.C.,BENGALURU BULLS,42,42,21,19,10,10,2,2,0,0,draw,7
613,JAIPUR PINK PANTHERS,TELUGU TITANS,42,38,6,9,14,15,0,0,1,0,0,7
614,JAIPUR PINK PANTHERS,BENGALURU BULLS,28,28,13,21,12,16,2,4,3,0,draw,7
615,DABANG DELHI K.C.,U.P. YODDHA,42,22,20,18,10,9,4,0,2,0,0,7
616,BENGAL WARRIORS,HARYANA STEELERS,31,25,24,23,5,8,2,2,2,3,0,7
617,U.P. YODDHA,PUNERI PALTAN,40,41,20,19,10,8,4,2,1,1,1,7
618,GUJARAT FORTUNEGIANTS,HARYANA STEELERS,34,39,16,20,8,14,0,6,1,1,1,7
619,DABANG DELHI K.C.,U MUMBA,39,39,18,14,16,10,6,0,0,0,draw,7
620,BENGAL WARRIORS,TAMIL THALAIVAS,39,40,21,20,10,6,4,0,0,0,1,7
621,TELUGU TITANS,PUNERI PALTAN,43,34,10,15,17,14,0,2,0,3,0,7
622,DABANG DELHI K.C.,PATNA PIRATES,39,43,23,24,11,7,4,4,0,0,1,7
623,BENGALURU BULLS,GUJARAT FORTUNEGIANTS,33,35,9,11,13,13,0,4,1,4,1,7
624,U MUMBA,JAIPUR PINK PANTHERS,31,51,22,15,15,5,8,0,2,1,1,7
625,U.P. YODDHA,BENGAL WARRIORS,30,37,12,15,16,11,2,0,2,3,1,7
626,BENGALURU BULLS,TAMIL THALAIVAS,50,21,22,14,8,12,2,0,1,1,0,7
627,PUNERI PALTAN,HARYANA STEELERS,40,60,18,21,8,14,0,4,1,2,1,7
628,TELUGU TITANS,TAMIL THALAIVAS,38,37,21,22,9,8,2,0,3,0,0,7
629,JAIPUR PINK PANTHERS,DABANG DELHI K.C.,42,33,22,28,13,9,4,4,5,5,0,7
630,BENGALURU BULLS,PATNA PIRATES,32,36,24,21,13,15,2,2,1,1,1,7
631,PUNERI PALTAN,U MUMBA,30,26,12,18,12,11,4,2,5,2,0,7
632,PATNA PIRATES,U.P. YODDHA,36,59,19,20,8,14,2,6,0,1,1,7
633,BENGALURU BULLS,TELUGU TITANS,50,53,28,29,7,8,4,2,1,0,1,7
634,JAIPUR PINK PANTHERS,BENGALURU BULLS,41,34,27,23,12,8,2,2,0,1,0,7
635,HARYANA STEELERS,TELUGU TITANS,52,32,31,23,12,8,6,0,3,1,0,7
636,U.P. YODDHA,DABANG DELHI K.C.,50,33,29,23,14,8,6,0,1,2,0,7
637,GUJARAT FORTUNEGIANTS,PATNA PIRATES,33,39,21,23,10,10,2,4,0,2,1,7
638,BENGAL WARRIORS,PATNA PIRATES,41,69,31,41,7,17,2,8,1,3,1,7
639,U.P. YODDHA,PUNERI PALTAN,43,39,21,20,15,17,4,2,3,0,0,7
640,TELUGU TITANS,GUJARAT FORTUNEGIANTS,38,48,24,31,11,11,2,6,1,0,1,7
641,TAMIL THALAIVAS,JAIPUR PINK PANTHERS,35,33,18,21,13,9,2,0,2,3,0,7
642,BENGAL WARRIORS,TAMIL THALAIVAS,33,29,16,16,10,8,2,0,5,5,0,7
643,U.P. YODDHA,TELUGU TITANS,36,41,19,26,12,8,4,4,1,3,1,7
644,U MUMBA,HARYANA STEELERS,39,33,20,21,15,10,2,2,2,0,0,7
645,DABANG DELHI K.C.,U MUMBA,37,37,22,21,9,11,4,4,2,1,draw,7
646,U.P. YODDHA,BENGALURU BULLS,45,33,22,21,13,8,6,2,4,2,0,7
647,U.P. YODDHA,BENGALURU BULLS,45,48,28,29,14,9,2,6,1,4,1,7
648,U MUMBA,HARYANA STEELERS,46,38,32,30,9,5,4,2,1,1,0,7
649,DABANG DELHI K.C.,BENGALURU BULLS,44,38,23,28,15,6,6,0,0,4,0,7
650,BENGAL WARRIORS,U MUMBA,37,35,18,23,10,8,4,2,5,2,0,7
651,DABANG DELHI K.C.,BENGAL WARRIORS,34,39,27,22,3,10,2,6,2,1,1,7
